{"cameraMode":{"drawMode":0,"name":"Shaded","section":"Shading Mode"},"sceneLighting":true,"audioPlay":false,"sceneViewState":{"m_AlwaysRefresh":false,"showFog":true,"showSkybox":true,"showFlares":true,"showImageEffects":true,"showParticleSystems":true,"showVisualEffectGraphs":true,"m_FxEnabled":true},"in2DMode":false,"pivot":{"x":0.9847235679626465,"y":1.7532665729522706,"z":1.0248613357543946},"rotation":{"x":-0.19954821467399598,"y":0.7887029647827148,"z":-0.4805528223514557,"w":-0.32754799723625185},"size":12.12435531616211,"orthographic":false}